id,store_name,address,lat,lang,created_at,updated_at,deleted_at,slug,status,city_id,store_id,city,state
167,Inorbit Cyberabad - PH,"Pizza Hut, Unit No F&B 14A, 2Nd Floor, Inorbit Mall, Hyberabad, Pin 500081",17.4600662,78.3600928,2019-10-11 07:17:00,2020-07-11 15:29:13,,pizza-hut,1,11,167,Hyderabad,Andhra Pradesh
168,Madhapur-PH,"Pizza Hut, D.No. 1-98 /6 /51, Shristi Towers, Arunodaya Colony, Opposite Family Mart, Madhapur, Pin 560070",17.4341242,78.4050494,2019-10-11 07:17:00,2020-07-11 15:30:16,,pizza-hut,1,11,168,Hyderabad,Andhra Pradesh
169,Rajbhavan - PH,"Pizza Hut, Eureka Estate, Somajiguda, Raj Bhavan Road, Pin 500004",17.4289119,78.4479753,2019-10-11 07:17:00,2020-07-11 15:30:28,,pizza-hut,1,11,169,Hyderabad,Andhra Pradesh
170,Viceroy Exp - PH,"Pizza Hut Shop No.3, Viceroy Food Court, Eat Steet, Necklace Road, Pin 500082",17.436047,78.477976,2019-10-11 07:17:00,2020-07-11 15:30:00,,pizza-hut,0,11,170,Hyderabad,Andhra Pradesh
172,Banjara Hills - PH,"Pizza Hut D.No. 8-2-699/2, Road No.12, Banjara Hil Opp: Dadu'S Sweet House, Amudi Nagar, Pin 500082",10.5503849,76.1811835,2019-10-11 07:17:00,2019-10-11 07:17:00,,pizza-hut,1,11,172,Hyderabad,Andhra Pradesh
271,L&T Hyderabad - PH ,"Pizza Hut Shop No. L5-11, Pizza Hut Hyderabad Next Galleria@ Panjagutta, Pin 500034",17.4109252,78.4246544,2019-10-11 07:17:00,2019-10-11 07:17:00,,pizza-hut,1,11,271,Hyderabad,Andhra Pradesh
272,Komapally - PH,"Pizza Hut Survey No. 95/1, Ground Floor, NCL Habitats, Komaplly, Pin 500056",17.4405111,78.4012861,2019-10-11 07:17:00,2020-07-11 15:29:31,,pizza-hut,1,11,272,Hyderabad,Andhra Pradesh
274,Lingampally - PH,"Pizza Hut Ground Floor, Plot No. 22, Beside CCD, Nallagandla Road, Serilingampally, Pin 500056",17.5154342,78.4808321,2019-10-11 07:17:00,2020-07-11 15:28:45,,pizza-hut,1,11,274,Hyderabad,Andhra Pradesh
275,Nacharam - PH,"Pizza Hut Shop No.6, First And Second Floor, Paradise Mall, Nacharam, Pin 500056",17.4247573,78.4532959,2019-10-11 07:17:00,2020-07-11 15:32:00,,pizza-hut,1,11,275,Hyderabad,Andhra Pradesh
292,GVK One - PH,"Pizza Hut 3rd Floor, Hyderabad, Pin 500056",17.419857,78.448632,2019-10-11 07:17:00,2020-07-11 15:32:29,,pizza-hut,1,11,292,Hyderabad,Andhra Pradesh
293,Capital Mall - PH ,"Pizza Hut Whitefields, Kondapur, Hyderabad-500084",9.9943835,76.2438346,2019-10-11 07:17:00,2019-10-11 07:17:00,,pizza-hut,1,11,293,Hyderabad,Andhra Pradesh
294,SR Nagar - PH,Pizza Hut Pin 500038,17.4798978,78.3165436,2019-10-11 07:17:00,2020-07-11 15:29:00,,pizza-hut,1,11,294,Hyderabad,Andhra Pradesh
308,GSM Mega - PH,"Pizza Hut Madinaguda(Miyapur) Hyderabad, Pin 500049",17.4405111,78.4012861,2019-10-11 07:17:00,2020-07-11 15:29:47,,pizza-hut,1,11,308,Hyderabad,Andhra Pradesh
312,LB Nagar - PH ,"Pizza Hut Lb Nagar, Saroornagar, India-500074 Pin 500074",17.3446089,78.5543746,2019-10-11 07:17:00,2019-10-11 07:17:00,,pizza-hut,1,11,312,Hyderabad,Andhra Pradesh
315,Sarath City - PH ,"Pizza Hut Kondapur, Hyderabad, Telangana, Pin 500084",9.9943835,76.2438346,2019-10-11 07:17:00,2019-10-11 07:17:00,,pizza-hut,1,11,315,Hyderabad,Andhra Pradesh
351,Manikonda - PH,"Pizza Hut, Lanco Hills, Plot No 35 & 36, Ground, beside Harivillu Apartments, Manikonda, Telangana - 500089",17.4341242,78.4050494,2020-07-02 12:57:00,2020-07-02 12:57:00,,pizza-hut,1,11,351,Hyderabad,Andhra Pradesh
164,PVP Square Mall - PH,"Pizza Hut 39 & 1, Sn 3F & 1 & 3, PVP Square Mall, Level 3, Mg Rd, Labbipet, Krishna, Pin 520010",17.7266171,83.3028893,2019-10-11 07:17:00,2019-10-11 07:17:00,,pizza-hut,1,53,164,Vijayawada,Andhra Pradesh
165,CMR Mall - PH,"Pizza Hut 52-1-35, 36 & 38, CMR Mall, New Resapuvanipalem, Maddilapalem, Visakhapatnam Pin 520013",17.7148001,83.3013783,2019-10-11 07:17:00,2020-07-11 15:28:22,,pizza-hut,1,53,165,Vijayawada,Andhra Pradesh
166,Dwarka Nagar - PH ,"Pizza Hut, Lane # 2, Isnar Khazana Towers, Dwarakanagar, Pin 530003",16.5025642,80.6404227,2019-10-11 07:17:00,2019-10-11 07:17:00,,pizza-hut,1,80,166,Visakhapatnam,Andhra Pradesh
235,Calangute - PH   ,"Pizza Hut Amara Building, Nr.St.Anthony Chaple, Naika Waddo, Calangute Main Road, Calangute, Bardz, Pin 403516",15.5363365,73.7623053,2019-10-11 07:17:00,2019-10-11 07:17:00,,pizza-hut,1,61,235,Goa,Goa
236,Margao - PH   ,"Pizza Hut Ground Floor, E Wing, Osia, Commercial Arcade, S.G.P.D.A. Market Complex. Pin 403601",15.2851299,73.955108,2019-10-11 07:17:00,2019-10-11 07:17:00,,pizza-hut,1,61,236,Goa,Goa
278,Porvorim - PH  ,"Pizza Hut House No.250 B, Opp. Ocoquerio Alto Porvorim, Bardez Goa, Pin 403601",15.525381,73.837971,2019-10-11 07:17:00,2019-10-11 07:17:00,,pizza-hut,1,61,278,Goa,Goa
306,Baga  - PH,"Pizza Hut Bardez Goa, Pin 403516",15.5489942,73.7623673,2019-10-11 07:17:00,2020-07-14 08:40:56,,pizza-hut,1,61,306,Goa,Goa
289,Aluva - PH   ,"Pizza Hut Unit No1, Ground Floor, Radhani Developers Akkat, Asarikadan Road, Pulinchode, Aluva, Pin 683101",10.5503849,76.1811835,2019-10-11 07:17:00,2019-10-11 07:17:00,,pizza-hut,1,12,289,Cochin,Kerala
356,Kochi Fort - PH,"Pizza Hut, Unit No 1, Survey No 18, Ground Floor, Kochi Fort, Ernakulam, Kerala - 682001",22.7446716,75.8918414,2020-07-02 13:05:00,2020-07-02 13:05:00,,pizza-hut,1,12,356,Cochin,Kerala
350,Thana Square - PH,"Pizza Hut, MT-7-371, Edapally - Panvel Hwy, Thana, Kannur, Kerala - 670012",11.8740.,75.3806,2020-07-02 12:55:00,2020-07-02 12:55:00,,pizza-hut,1,37,350,Kannur,Kerala
202,Central Sq Mall - PH,"Pizza Hut Shop No: 48, IV Floor, 66/6284/F12, Mg Road, Kochi, Ernakulam, Pin 682035",9.9780241,76.2830556,2019-10-11 07:17:00,2019-10-11 07:17:00,,pizza-hut,1,3,202,Kochin,Kerala
203,Lulu Mall - PH ,"Pizza Hut 34/1089/, 34/1090/, III Floor, Edappally Kochi, Ernakulam Pin 682024",10.1064766,76.3473933,2019-10-11 07:17:00,2019-10-11 07:17:00,,pizza-hut,1,3,203,Kochin,Kerala
280,MG Road - PH,"Pizza Hut Shop No.39/4153, Vally'S Aracde, Survey No.1335/5, Mg Road, Ravipuram, City-Ernakulam Pin 682016",9.9606819,76.2887091,2019-10-11 07:17:00,2020-07-11 18:40:16,,pizza-hut,1,3,280,Kochin,Kerala
204,Sobha City- PH  ,"Pizza Hut 2nd Floor, Sobha City Mall, Trissur Guruvayur Road, Puzhakkal, Pin 680553",10.0272816,76.307693,2019-10-11 07:17:00,2019-10-11 07:17:00,,pizza-hut,1,78,204,Trissur,Kerala
205,Kowdiar - PH  ,"Pizza Hut Devasom Junction, Keston Road, Kowdiar, Trivandrum, Thiruvananthapuram, Pin 695003",8.5163473,76.9580472,2019-10-11 07:17:00,2019-10-11 07:17:00,,pizza-hut,1,42,205,Trivandrum,Kerala
273,Mall of Travancore - PH ,"Pizza Hut Mall Of Travancore (MOT), Chakai-Enchakkal Bypass Road, Chakai, Pin 695024",8.487742,76.925569,2019-10-11 07:17:00,2019-10-11 07:17:00,,pizza-hut,1,42,273,Trivandrum,Kerala
311,Pattom - PH,"Pizza Hut Trivandrum-695004 Chakai, Pin 695004",23.2083017,77.3886544,2019-10-11 07:17:00,2020-07-14 08:41:05,,pizza-hut,1,42,311,Trivandrum,Kerala
173,Banashankari-III-PH,"Pizza Hut, No 92/4, Kathriguppe, Banashankari 3rd Stage, 6th Block, 100Ft Road, Opp Megamart, Pin 560048",12.8711273,12.8711273,2019-10-11 07:17:00,2020-10-26 07:23:13,,pizza-hut,0,13,173,Bangalore,Karnataka
174,Basaveshwar Nagar-PH   ,"Pizza Hut, No 87 West Of Chord Road, Bhima Jyothi LIC Colony Basaveshwar Nagar, Pin 560079",12.926265,77.551194,2019-10-11 07:17:00,2019-10-11 07:17:00,,pizza-hut,1,13,174,Bangalore,Karnataka
175,Mantri Mall - PH ,"Pizza Hut, Mantri Mall, # 1 Sampige Rd, # T-37, 3rd Floor, Food Court Area, Malleshwaram, Pin 560005",13.0261273,77.6339435,2019-10-11 07:17:00,2019-10-11 07:17:00,,pizza-hut,1,13,175,Bangalore,Karnataka
176,Signature Mall - PH ,"Pizza Hut, No 6, GS-1C, Ground Floor, Signature Mall, Gopalan Signature Tower, Old Madras Highway, Pin 560038",12.992928,77.661576,2019-10-11 07:17:00,2019-10-11 07:17:00,,pizza-hut,1,13,176,Bangalore,Karnataka
177,Airport Road - PH ,"Pizza Hut 124, Airport Road, Murugesh Palya, Pin 560017",12.9974902,77.5406991,2019-10-11 07:17:00,2019-10-11 07:17:00,,pizza-hut,1,13,177,Bangalore,Karnataka
178,Ascendas - PH ,"Pizza Hut No-LG/02, Ascendas Park Square Mall, White Fields Main Road, Pin 560066",12.987219,77.736474,2019-10-11 07:17:00,2019-10-11 07:17:00,,pizza-hut,1,13,178,Bangalore,Karnataka
179,Banashankari-II-PH    ,"Pizza Hut, 2469/2470, 24Th Cross, 21st Main Road, Banashankari 2nd Stage Opposite BDA Complex, Pin 560070",12.926634,77.564614,2019-10-11 07:17:00,2019-10-11 07:17:00,,pizza-hut,1,13,179,Bangalore,Karnataka
180,Brigade Road - PH,"Pizza Hut, Site No 185, Deena Complex, Ward No 76, Richmond Town, Brigade Road, Pin 560024",12.95916,77.654424,2019-10-11 07:17:00,2020-10-26 07:23:38,,pizza-hut,0,13,180,Bangalore,Karnataka
181,Central 3 - PH ,"Pizza Hut, Shop # 5/78/7, Bellandur Village, Varthur Hobli, Sarjapur Road, Bangalore Fast Taluk, Pin 560103",12.94185,77.623266,2019-10-11 07:17:00,2019-10-11 07:17:00,,pizza-hut,1,13,181,Bangalore,Karnataka
182,CMH Road - PH ,"Pizza Hut, No. 1-1 A, CMH Road, Indiranagar, Pin 560038",12.8859477,74.8387116,2019-10-11 07:17:00,2019-10-11 07:17:00,,pizza-hut,1,13,182,Bangalore,Karnataka
183,Coles Road - PH ,"Pizza Hut, # 66/1, Coles Road, Frazer Town, Pin 560005",12.930925,77.583059,2019-10-11 07:17:00,2019-10-11 07:17:00,,pizza-hut,1,13,183,Bangalore,Karnataka
184,Domlur - PH,"Pizza Hut, No 280 Amar Jyothi Layout, Domlur Village, Koramangala Intermedit Rd Amarjyoti Colony, Pin 560070",12.978492,77.638034,2019-10-11 07:17:00,2020-10-26 07:22:38,,pizza-hut,0,13,184,Bangalore,Karnataka
185,Forum - PH  ,"Pizza Hut, Shop 117/118/119, Ist Floor, Forum Mall, No 21 Hosur Main Road, Kormangala, Pin 560029",12.97328,77.607301,2019-10-11 07:17:00,2019-10-11 07:17:00,,pizza-hut,1,13,185,Bangalore,Karnataka
186,HSR Layout - PH ,"Pizza Hut No.3, 17th Main, 14Th Cross. Sector -7, HSR Layout, Pin 560102",13.027631,77.571841,2019-10-11 07:17:00,2019-10-11 07:17:00,,pizza-hut,1,13,186,Bangalore,Karnataka
187,Inorbit White Field - PH  ,"Pizza Hut No - F 22, 23, 24, 1st Floor, Inorbit Mall, White Fields Pin 560066",12.99715,77.694398,2019-10-11 07:17:00,2019-10-11 07:17:00,,pizza-hut,1,13,187,Bangalore,Karnataka
188,Jaya Nagar - PH,"Pizza Hut, Suraj Towers, No: 216/13, 27th Cross, 3rd Block, Jayanagar, Pin 560041",12.987219,77.736474,2019-10-11 07:17:00,2020-10-26 07:22:27,,pizza-hut,0,13,188,Bangalore,Karnataka
189,JP Nagar - PH ,"Pizza Hut Shop No 309, 15th Cross, 5th Phase, Jp Nagar, Pin 560078",12.89182,77.581817,2019-10-11 07:17:00,2019-10-11 07:17:00,,pizza-hut,1,13,189,Bangalore,Karnataka
190,Kammanahalli - PH  ,"Pizza Hut, # 310, Avr Base, 5th B Cross, HRBR Layout, 3rd Blk, Kamanahalli Main Road, Banaswadi Main, Pin 560034",12.955408,77.641061,2019-10-11 07:17:00,2019-10-11 07:17:00,,pizza-hut,1,13,190,Bangalore,Karnataka
191,Kormangala (6th Block)- PH  ,"Pizza Hut, # 478, 80 Feet Road, Kormangala 6th Block, Pin 560024",12.995784,77.613202,2019-10-11 07:17:00,2019-10-11 07:17:00,,pizza-hut,1,13,191,Bangalore,Karnataka
192,Koramangala (5th Block) - PH,"Pizza Hut 48, Industrial Layout, 5th Block, 4th B Cross, Koramangala, Pin 560095",12.9337,77.6142,2019-10-11 07:17:00,2020-10-26 07:24:00,,pizza-hut,0,13,192,Bangalore,Karnataka
193,Ascendas - PH,"Pizza Hut No-Lg/02, Ascendas Park Square Mall, White Fields Main Road, Pin 560066",12.987219,77.736474,2019-10-11 07:17:00,2020-07-11 18:30:50,,pizza-hut,1,13,193,Bangalore,Karnataka
194,Phoenix Market City-PH  ,"Pizza Hut 27 & 28, 2 Flr, Phoenix Market City, Whitefield Rd, Dyavasandra, KR Pura, Pin 560048",12.968359,77.533294,2019-10-11 07:17:00,2019-10-11 07:17:00,,pizza-hut,1,13,194,Bangalore,Karnataka
195,R T Nagar - PH,"Pizza Hut 18, Hmt Layout, 80 Feet Road, Ward No 20, RT Nagar, Pin 560032",13.022581,77.593104,2019-10-11 07:17:00,2019-10-11 07:17:00,,pizza-hut,1,13,195,Bangalore,Karnataka
196,Ramaiah - PH  ,"Pizza Hut, No 3, New Bel Road, Aramane Nagar, Devesandra, Opposite Ramaiah Hospital, Pin 560094",12.979498,77.728733,2019-10-11 07:17:00,2019-10-11 07:17:00,,pizza-hut,1,13,196,Bangalore,Karnataka
197,Shanti Nagar - PH ,"Pizza Hut Pento'Sh, 4/1, Shaughnessy Road, Langford Gardens, Shantinagar, Pin 560025",12.962382,77.599205,2019-10-11 07:17:00,2019-10-11 07:17:00,,pizza-hut,1,13,197,Bangalore,Karnataka
198,Vijaynagar - PH  ,"Pizza Hut, # 16, 17th Cross, 21st Main, M.C Layout, Vijaynagar, Pin 560040",13.348638,74.782285,2019-10-11 07:17:00,2019-10-11 07:17:00,,pizza-hut,1,13,198,Bangalore,Karnataka
276,ChurchStreet - PH,"Pizza Hut No.30, Church Street, Off-Mg Road, Opp- SBI Bank, Pin 560040",12.974626,77.609735,2019-10-11 07:17:00,2020-10-26 07:23:25,,pizza-hut,0,13,276,Bangalore,Karnataka
279,MG Road - PH,"Pizza Hut Ground Floor No.18 (Old No.42) Ramanashree Aracade, Mg Road Pin 560001",12.97314,77.61658,2019-10-11 07:17:00,2020-07-11 18:40:01,,pizza-hut,1,13,279,Bangalore,Karnataka
288,Nagarbhavi - PH   ,"Pizza Hut Ground Floor, Ara Vijji Trade Square, 21, Jnana Bharathi Main Road, Nagarbhavi Circle, Chandra Layout, Pin 560072",12.95832,77.51882,2019-10-11 07:17:00,2019-10-11 07:17:00,,pizza-hut,1,13,288,Bangalore,Karnataka
291,Elements - PH   ,"Pizza Hut MSR-Regaliaa Elements, Hotel Cum Mall Cum Mulitiplex Property No.132/1A, 132/1B, 133/2, 133/1 &134/1 Nagvara Village, Thanisandra, Pin 560072",13.0453,77.6269,2019-10-11 07:17:00,2019-10-11 07:17:00,,pizza-hut,1,13,291,Bangalore,Karnataka
354,Uttarahalli - PH,"Pizza Hut, 1, Uttarahalli Main Rd, Samruddi Layout(Enclave), 2nd Stage, Chikkalasandra, Bengaluru, Karnataka - 560061",12.910081,77.55075,2020-07-02 13:03:00,2020-07-02 13:03:00,,pizza-hut,1,13,354,Bangalore,Karnataka
365,Brigade Uptown - PH,"Pizza Hut, UG 03, Ground Floor, Brigade Golden Triangle, No 50, Huskur Village, Bidarahalli Hobli, Bangalore East Taluk, Bangalore - 560049",13.05498,77.763863,2020-10-26 05:46:45,2020-10-26 05:47:05,,pizza-hut,1,13,365,Bangalore,Karnataka
199,City Center - PH ,"Pizza Hut Fof 6-11, City Centre Mall, K.S.Rao Road, Hampankatta, Pin 575001",12.926303,77.675278,2019-10-11 07:17:00,2019-10-11 07:17:00,,pizza-hut,1,39,199,Mangalore,Karnataka
200,Bharath Mall - PH ,"Pizza Hut Shop No. 4, Ground Floor, Bharat Mall, Opp To KSRTC Bus Stand, Bejai, Pin 575007",12.912446,77.634022,2019-10-11 07:17:00,2019-10-11 07:17:00,,pizza-hut,1,39,200,Mangalore,Karnataka
353,Kadri - PH,"Pizza Hut, Times Square, KMC Mercara Trunk Rd, Shivabagh, Mallikatte, Kadri, Mangalore, Karnataka - 575005",12.880443,74.8593,2020-07-02 13:02:00,2020-07-02 13:02:00,,pizza-hut,1,39,353,Mangalore,Karnataka
307,Manipal - PH,Pizza Hut Pin 576104,13.34843,74.77939,2019-10-11 07:17:00,2019-10-11 07:17:00,,pizza-hut,1,68,307,Manipal,Karnataka
201,Temple Road - PH ,"Pizza Hut, # 1/2 6th Main Temple Road, V.V Mohalla, Opp Loyal World Super Market Pin 570002",12.9346,77.61132,2019-10-11 07:17:00,2019-10-11 07:17:00,,pizza-hut,1,70,201,Mysore,Karnataka
355,MAH MUM Kalyan - PH,"FOOD COURT,Kalyan - Shilphata Rd,Netivali, Kalyan,Maharashtra 421306",19.2298,73.1236,2020-07-02 13:04:00,2020-07-02 13:04:00,,pizza-hut,1,34,355,Kalyan,Maharashtra
237,BKC - PH,"Pizza Hut BPCL Petrol Bunk, Opp Citi Group, Bandra Kurla Complex, Bandra East, Pin 400051",19.0581549,72.8505773,2019-10-11 07:17:00,2020-07-14 08:26:57,,pizza-hut,1,1,237,Mumbai,Maharashtra
238,Cine Wonder Thane - PH,"Pizza Hut Ghodbunder Road, Kapurbawadi, Thane (W), Pin 400607",19.136199,72.835326,2019-10-11 07:17:00,2020-07-14 08:25:02,,pizza-hut,1,1,238,Mumbai,Maharashtra
239,Delphi Powai - PH,"Pizza Hut Delphi Powai, Unit No G3, Hiranandani Business Park, Powai, Pin 400076",19.120391,72.9049352,2019-10-11 07:17:00,2020-07-14 08:25:21,,pizza-hut,1,1,239,Mumbai,Maharashtra
240,Experia Mall - PH,"Pizza Hut Sn 16, 3Rd Flr, Food Court, Xperia Mall, Kalyan Shil Rd, Palava, Dombivli East, Thane, Pin 421204",19.1648988,73.072731,2019-10-11 07:17:00,2020-07-14 08:24:39,,pizza-hut,1,1,240,Mumbai,Maharashtra
241,Infiniti Andheri - PH,"Pizza Hut Unit No 261, Infiniti Mall, New Link Road, Andheri West, Pin 400053",18.93867,72.834748,2019-10-11 07:17:00,2020-10-26 07:23:49,,pizza-hut,0,1,241,Mumbai,Maharashtra
243,Kandivali East - PH ,"Pizza Hut Unit No. 1-7, Thakur Cinema & Welfare Centre, Thakur Village, Kandivali (East), Pin 400101",19.2328213,72.8460152,2019-10-11 07:17:00,2020-07-08 11:02:00,,pizza-hut,1,1,243,Mumbai,Maharashtra
244,Korum Mall - PH ,"Pizza Hut 2nd Flr, Korum Mall, Samata Nagar, Thane, Pin 400601",19.2029003,72.9627157,2019-10-11 07:17:00,2020-07-08 11:19:00,,pizza-hut,1,1,244,Mumbai,Maharashtra
245,Market City Kurla - PH,"Pizza Hut F-27/80, First Floor, Phoenix Market City Mall, LBS Marg, Kurla (W) Pin 400070",19.065903,73.001068,2019-10-11 07:17:00,2020-07-14 08:26:38,,pizza-hut,1,1,245,Mumbai,Maharashtra
246,PC Kandivali-PH   ,"Pizza Hut Shop # G3, F2, Profit Centre, 120 Feet Road, Borsapada, Mahavir Nagar, Kandivli West, Pin 400067",19.141213,72.830906,2019-10-11 07:17:00,2020-07-08 11:59:00,,pizza-hut,1,1,246,Mumbai,Maharashtra
247,R Mall Mulund - PH,"Pizza Hut 3rd Floor, R. Mall, Next To Mulund Cheknaka, LBS Road, Mulund West Pin 400080",18.5646737,73.7744448,2019-10-11 07:17:00,2020-07-14 08:27:51,,pizza-hut,1,1,247,Mumbai,Maharashtra
248,Sangam Andheri East-PH,"Pizza Hut Ground Floor, Shop No 1, Tandon Mall, Andheri Kurla Road, Andheri (East) Pin 400093",19.2213272,72.9749969,2019-10-11 07:17:00,2020-07-14 08:21:08,,pizza-hut,1,1,248,Mumbai,Maharashtra
249,Sterling - PH,"Pizza Hut Elphinston House, 17 Muraban Road, Opp Sterling Theatre, Pin 400001",18.5221572,73.8391203,2019-10-11 07:17:00,2020-07-11 15:23:38,,pizza-hut,1,1,249,Mumbai,Maharashtra
250,The Walk - PH,"Pizza Hut Shop No 101/102, The Walk, Hiranandani Estate Road, Patlipada, Thane Pin 400607",19.2559469,72.981765,2019-10-11 07:17:00,2020-07-14 08:06:26,,pizza-hut,1,1,250,Mumbai,Maharashtra
251,Fun Republic-PH,"Pizza Hut Shop No 2A, 2nd Floor, Fun Republic Mall Shah Industrial Estate, Andheri West, Pin 400053",18.5515491,73.9477057,2019-10-11 07:17:00,2020-07-11 15:21:59,,pizza-hut,1,1,251,Mumbai,Maharashtra
252,R City - PH,"Pizza Hut Unit T-28 Third Floor Opp.Kidzania R.City Mall L.B.S. Marg, Amrut Nagar, Ghatkopar Pin 400086",19.0996209,72.9142863,2019-10-11 07:17:00,2020-07-14 08:26:12,,pizza-hut,1,1,252,Mumbai,Maharashtra
253,R City-Express - PH ,"Pizza Hut Unit No. Fcc-03, Third Floor, R City Mall, LBS Marg, Ghatkopar (West) Pin 400086",19.1610383,72.8120616,2019-10-11 07:17:00,2020-07-08 11:46:00,,pizza-hut,1,1,253,Mumbai,Maharashtra
283,Malad - PH,"Pizza Hut Inorbit Mall, Unit No.22, Second Floor, Malad, Pin 400049",21.1448701,79.0615129,2019-10-11 07:17:00,2020-07-14 08:05:22,,pizza-hut,1,1,283,Mumbai,Maharashtra
284,EverShine Nagar - PH,"Pizza Hut Shop No.9, Raj Infinia, Evershine Nagar, Malad(West), Pin 400064",19.1880291,72.8331703,2019-10-11 07:17:00,2020-07-14 08:23:55,,pizza-hut,1,1,284,Mumbai,Maharashtra
285,Virar - PH,"Pizza Hut Dk Plaza, Opp.Mcdonald, Near Global City, Virar(West), Taluka-Vasai, District-Palghar, Pin 400064",19.4735151,72.8035922,2019-10-11 07:17:00,2020-07-14 08:06:09,,pizza-hut,1,1,285,Mumbai,Maharashtra
286,Chandavarkar Road -PH,"Pizza Hut 1 & 2 First Floor, Shraddha Height, Eskar Road Borivali(W), Pin 400064",13.00317,80.25189,2019-10-11 07:17:00,2020-10-26 07:21:31,,pizza-hut,0,1,286,Mumbai,Maharashtra
301,Hub Mall - PH ,"Pizza Hut Western Express Highway, Goregaon East, Pin 400063",19.1550077,72.8539815,2019-10-11 07:17:00,2020-07-08 11:58:00,,pizza-hut,1,1,301,Mumbai,Maharashtra
314,Viviana Mall - PH,Pizza Hut Next To Jupiter Hospital Thane West Pin 400606,19.2031865,72.838122,2019-10-11 07:17:00,2020-07-14 08:41:15,,pizza-hut,1,1,314,Mumbai,Maharashtra
254,Eternity Mall - PH,"Pizza Hut Sn F1 & F2, 1st Flr, Eternity Mall, Variety Square, Sitabuldi, Pin 440012",19.160694,72.945023,2019-10-11 07:17:00,2020-07-14 08:38:29,,pizza-hut,1,27,254,Nagpur,Maharashtra
309,Trillium - PH,Pizza Hut Pin 440003,21.1448701,79.0528445,2019-10-11 07:17:00,2020-07-11 14:55:14,,pizza-hut,1,27,309,Nagpur,Maharashtra
352,Metro 99 - PH,"Pizza Hut, Plot no 456, Metro 99, Ground Floor, College Rd, opposite Amway, Thatte Nagar, Nashik, Maharashtra - 422005",20.0072,73.7638,2020-07-02 13:00:00,2020-07-02 13:00:00,,pizza-hut,1,33,352,Nasik,Maharashtra
255,Amonara City Ctr - PH,"Pizza Hut EB-FF-41 & 41D, Amonara Town Centre, Village Sadesatranali, Hadapsar, Taluka Haveli, Pin 411028",18.5618316,73.8047732,2019-10-11 07:17:00,2020-10-26 07:21:45,,pizza-hut,0,2,255,Pune,Maharashtra
256,FC Road - PH ,"Pizza Hut SN 1A, 1B, 1C, 1E, Sy Nos 1216, Millennium Plaza, FC Clg Rd, Pin 411004",18.553207,73.9460427,2019-10-11 07:17:00,2020-07-11 13:46:00,,pizza-hut,1,2,256,Pune,Maharashtra
257,Kalyani nagar - PH,"Pizza Hut Shop No 6 A And B, Gr Floor, Kalyani Nagar, Pin 411016",18.546493,73.900846,2019-10-11 07:17:00,2020-07-11 15:22:18,,pizza-hut,1,2,257,Pune,Maharashtra
258,Koregaon - PH,"Pizza Hut Shop No 19 & 20, Vrindavan Society, North Main Rd, Koregaon Park, Pin 411001",19.086414,72.888763,2019-10-11 07:17:00,2020-07-11 15:19:14,,pizza-hut,0,2,258,Pune,Maharashtra
259,Kothrud - PH,"Pizza Hut Vrindavan Soc., North Main Rd., K. Park, Pin 411011",19.208893,72.872569,2019-10-11 07:17:00,2020-07-14 08:38:49,,pizza-hut,1,2,259,Pune,Maharashtra
260,Market City - PH ,"Pizza Hut S-26/26A, Second Floor, Phoenix Market City Mall, Survey No. 27, Behind Baker Gauage, Viman Nagar, Nagar Road, Pin 411014",12.956932,80.255521,2019-10-11 07:17:00,2019-10-11 07:17:00,,pizza-hut,1,2,260,Pune,Maharashtra
261,MG Road - PH,"Pizza Hut Camp , Pune Pin 411001",18.5607025,73.9142337,2019-10-11 07:17:00,2020-07-11 15:21:33,,pizza-hut,1,2,261,Pune,Maharashtra
262,Pavillion - PH,"Pizza Hut Un 3 , Pn 403 A1, The Pavillion Mall, Senapati Bapat Nagar, Shivaji Nagar, Pin 411016",18.5197122,73.9282808,2019-10-11 07:17:00,2020-07-11 15:26:12,,pizza-hut,1,2,262,Pune,Maharashtra
263,PCMC - PH,"Pizza Hut A Wing, Kamla Cross Road Building, Shop No 3/4, Opp PCMC Corp Office, Pimpri, Pin 411018",19.2139,72.840716,2019-10-11 07:17:00,2020-07-14 08:39:03,,pizza-hut,1,2,263,Pune,Maharashtra
264,Season Mall - PH,"Pizza Hut Unit No T1, Seasons Mall, Magarpatta City, Hadapsar, Pin 411013",18.5193171,73.8769225,2019-10-11 07:17:00,2020-07-11 15:26:27,,pizza-hut,1,2,264,Pune,Maharashtra
265,Tain square - PH,"Pizza Hut Shop No.2, B-Building, Tain Square, Wanowrie, Pin 411013",18.5217096,73.8389486,2019-10-11 07:17:00,2020-07-11 15:23:56,,pizza-hut,0,2,265,Pune,Maharashtra
266,Westend Mall - PH,"Pizza Hut FC 02, 03 & 3A, 2nd Flr, Westend Mall, Aundh, Pin 411007",18.5335325,73.825412,2019-10-11 07:17:00,2019-10-11 07:17:00,,pizza-hut,1,2,266,Pune,Maharashtra
267,WTC - PH,"Pizza Hut WTC F & B No 4, Tower 2, City Hub, Dholepatil Farms Road, Kharadi Opp EON, Pin 411014",18.5646739,73.7741207,2019-10-11 07:17:00,2020-07-14 08:39:12,,pizza-hut,1,2,267,Pune,Maharashtra
268,PMC - PH,"Pizza Hut Unit No.G-05 On Lower Ground Floor, Nagar Road, Viman Nagar Phoenix Market City, Pin 411014",18.5616764,73.9165561,2019-10-11 07:17:00,2020-07-14 08:39:20,,pizza-hut,1,2,268,Pune,Maharashtra
290,Baner - PH,"Pizza Hut Ground Floor, Tiara Building, Village Banner, Haveli, Pune Pin 411008",18.5936519,73.796514,2019-10-11 07:17:00,2020-07-14 08:39:57,,pizza-hut,1,2,290,Pune,Maharashtra
333,Baner Pashan - PH,"PH, Tiara, Survey No 115, Hissa No 3/1, GrFlr, Haveli, Baner, Pune, Maharashtra - 411045",18.5646,73.7745,2020-07-02 12:00:00,2020-07-02 12:00:00,,pizza-hut,1,2,333,Pune,Maharashtra
334,Elpro Estates - PH,"Pizza Hut, Elpro Estates, Chinchwad, Pune, Maharashtra - 411033",18.6296,73.7859,2020-07-02 12:01:00,2020-07-02 12:01:00,,pizza-hut,1,2,334,Pune,Maharashtra
336,93-Avenue - PH,"Pizza Hut, Kalubai Chowk, Near Fatima Nagar Junction, Wanowrie, Opposite Croma, Pune, Maharashtra - 411022",18.5057,73.9065,2020-07-02 12:02:00,2020-07-02 12:02:00,,pizza-hut,0,2,336,Pune,Maharashtra
304,Expressway - PH,"Pizza Hut Left Hand Side Post Sarsan, Tal Khalapur, Dist Raigad, Pin 410203",18.795285,73.296669,2019-10-11 07:17:00,2020-10-26 07:22:16,,pizza-hut,0,48,304,Raigad,Maharashtra
314,Viviana Mall - PH,Pizza Hut Next To Jupiter Hospital Thane West Pin 400606,19.2031865,72.838122,2019-10-11 07:17:00,2020-07-14 08:41:15,,pizza-hut,1,46,314,Thane,Maharashtra
269,DB City Mall - PH,"Pizza Hut 3rd Flr, DB City Mall, Arera Hills, Pin 462011",18.5185723,73.9339771,2019-10-11 07:17:00,2019-10-11 07:17:00,,pizza-hut,1,50,269,Bhopal,Madhya Pradesh
302,Hoshangabad - PH,Pizza Hut Pin 462026,23.1006569,77.5123403,2019-10-11 07:17:00,2020-07-11 14:48:21,,pizza-hut,1,50,302,Bhopal,Madhya Pradesh
270,Mallhar Mall - PH,"Pizza Hut Shop No 1, Second Floor, Road Facing, Malhar Mega Mall, AB Road, Vijay Nagar, Pin 452001",19.112492,72.864326,2019-10-11 07:17:00,2020-07-14 08:39:29,,pizza-hut,1,49,270,Indore,Madhya Pradesh
357,Providence Mall - PH,"Pizza Hut, No 07, SN 42, 3rd Floor, Providence Mall, Venkata Subha Reddiar Salai, Puducherry - 605001",17.4405111,78.4012861,2020-07-02 13:06:00,2020-07-02 13:06:00,,pizza-hut,1,40,357,Puducherry,Pondicherry
206,Busy Street-PH   ,"Pizza Hut No: 4, Lal Bahadur Sasthri Street, Busy Street, Pondicherry, Pin 605001",13.06492,80.23464,2019-10-11 07:17:00,2019-10-11 07:17:00,,pizza-hut,1,4,206,Chennai,Tamil Nadu
207,Adyar - PH  ,"Pizza Hut Flat # 46, Door # 61, 3rd Main Road, Kasturibai Nagar, Pin 600020",13.00317,80.25189,2019-10-11 07:17:00,2019-10-11 07:17:00,,pizza-hut,1,4,207,Chennai,Tamil Nadu
208,Ambit Nolumbur - PH,"Pizza Hut Unit No.5, Ground Floor, Akshaya Food Court, Ambattur Industrial Estate, Pin 600058",13.09504,80.165779,2019-10-11 07:17:00,2020-10-26 07:20:46,,pizza-hut,0,4,208,Chennai,Tamil Nadu
209,Ampa Sky Walk - PH,"Pizza Hut Shop No. 4, 3rd Floor, No. 107/2 Nelson Manickam Road, Aminjikarai, Pin 600029",13.06492,80.23464,2019-10-11 07:17:00,2020-10-26 07:21:17,,pizza-hut,0,4,209,Chennai,Tamil Nadu
210,Ashok Nagar - PH ,"Pizza Hut Old No 41, New No 67, 4th Avenue, Ashok Nagar Pin 600083",13.04085,80.21566,2019-10-11 07:17:00,2019-10-11 07:17:00,,pizza-hut,1,4,210,Chennai,Tamil Nadu
211,Chrompet - PH  ,"Pizza Hut 412/7A, Gst Road, Kap Annexure, Chrompet, Pin 600044",12.95244,80.1411,2019-10-11 07:17:00,2019-10-11 07:17:00,,pizza-hut,1,4,211,Chennai,Tamil Nadu
212,DLF - PH  ,"Pizza Hut # 1/124, Shivaji Garden, Moonlight Stop, Nandambakkam Post, Ramapuram, Mount - Poonamallee Road, Pin 600089",13.02832,80.18345,2019-10-11 07:17:00,2019-10-11 07:17:00,,pizza-hut,1,4,212,Chennai,Tamil Nadu
213,Express Avenue - PH ,"Pizza Hut 3rd Floor, No: 49, 50L, Whites Road, Royapettah, Pin 600014",13.05809,80.26491,2019-10-11 07:17:00,2019-10-11 07:17:00,,pizza-hut,1,4,213,Chennai,Tamil Nadu
214,Mahindra City - PH ,"Pizza Hut The Canopy, Commercial Complex, Planet Yum Food Court, Ground Floor, Mahindra World City, Chengelpet, Pin 600083",12.97558,80.231153,2019-10-11 07:17:00,2019-10-11 07:17:00,,pizza-hut,1,4,214,Chennai,Tamil Nadu
215,Nungabakkam - PH  ,"Pizza Hut # 316, No: 2/3 Geegee Emerald, Village Road, Nungambakkam, Pin 600034",13.06366,80.24352,2019-10-11 07:17:00,2019-10-11 07:17:00,,pizza-hut,1,4,215,Chennai,Tamil Nadu
216,OMR - PH  ,"Pizza Hut Old # 1/14, New #1/4, Karapakkam, Pin 600096",12.921903,80.229666,2019-10-11 07:17:00,2019-10-11 07:17:00,,pizza-hut,1,4,216,Chennai,Tamil Nadu
218,R A Puram - PH,"Pizza Hut Sri Varu Builders, New No-32 Second Main Road Ra Puram, Pin 600028",13.02712,80.25662,2019-10-11 07:17:00,2020-10-26 07:21:05,,pizza-hut,0,4,218,Chennai,Tamil Nadu
219,RK Salai - PH ,"Pizza Hut #73/75, ACE Towers, R.K.Salai. Mylapore, Pin 600004",13.03118,80.27836,2019-10-11 07:17:00,2019-10-11 07:17:00,,pizza-hut,1,4,219,Chennai,Tamil Nadu
220,Vadapalani - PH,"Pizza Hut 87, Arcot Road, Near Avivhi School, Maruti Showroom Bldg, Virugambakkam 87, Pin 600091",13.0531,80.22377,2019-10-11 07:17:00,2020-10-26 07:24:13,,pizza-hut,0,4,220,Chennai,Tamil Nadu
221,Velachery - PH,"Pizza Hut Shop No F 47, Phoenix Market City Mall, Plot No 142, Velachery Road, Velachery, Pin 600042",12.972248,80.219454,2019-10-11 07:17:00,2020-07-14 13:54:18,,pizza-hut,1,4,221,Chennai,Tamil Nadu
268,PMC - PH,"Pizza Hut Unit No.G-05 On Lower Ground Floor, Nagar Road, Viman Nagar Phoenix Market City, Pin 411014",18.5616764,73.9165561,2019-10-11 07:17:00,2020-07-14 08:39:20,,pizza-hut,1,4,268,Chennai,Tamil Nadu
277,Mogappair - PH,"Pizza Hut Shop No.99, First Floor, Plot No.99, West Mogappair, Main Road, Nolumbur, Pin 600042",13.083030,80.171485,2019-10-11 07:17:00,2020-07-14 13:56:34,,pizza-hut,1,4,277,Chennai,Tamil Nadu
287,Perungudi - PH    ,"Pizza Hut Plot No. 111, Door No.7, Thirumalai Nagar Annex, Perungudi OMR, Pin 600042",12.95981,80.23975,2019-10-11 07:17:00,2019-10-11 07:17:00,,pizza-hut,1,4,287,Chennai,Tamil Nadu
295,Kattupakkam - PH,"Pizza Hut Kattupakkam, Chennai, Pin 600056",13.043733,80.120706,2019-10-11 07:17:00,2020-07-14 13:58:05,,pizza-hut,1,4,295,Chennai,Tamil Nadu
298,VRC Mall - PH  ,"Pizza Hut Anna Nagar West, Anna Nagar, Chennai, Pin 600040",13.08014,80.200287,2019-10-11 07:17:00,2019-10-11 07:17:00,,pizza-hut,1,4,298,Chennai,Tamil Nadu
305,Anna Nagar - PH ,"Pizza Hut Located At 995J, Lind Avenue, Annanagar, Pin 600040",13.08546,80.2046,2019-10-11 07:17:00,2019-10-11 07:17:00,,pizza-hut,1,4,305,Chennai,Tamil Nadu
310,Kilpauk - PH,Pizza Hut Pin 600010,13.083478,80.239656,2019-10-11 07:17:00,2020-07-14 13:59:21,,pizza-hut,1,4,310,Chennai,Tamil Nadu
313,Vijaya Mall - PH ,Pizza Hut Pin 600026,13.0474,80.197273,2019-10-11 07:17:00,2019-10-11 07:17:00,,pizza-hut,1,4,313,Chennai,Tamil Nadu
316,Marina Mall - PH ,"Pizza Hut Situated At 13/1A, Egattur, Old Mahabalipuram Road, Tiruporur Taluk, Kanchipuram District Tamil Nadu, Pin 603103",12.837351,80.229925,2019-10-11 07:17:00,2019-10-11 07:17:00,,pizza-hut,1,4,316,Chennai,Tamil Nadu
337,ECR Coast Rd - PH,"Pizza Hut, No 4/222, Ground Floor, Palavakkam Main Road, East Coast Road Chennai, Tamil Nadu - 600041",17.4347894,78.3845802,2020-07-02 12:05:00,2020-07-02 12:05:00,,pizza-hut,1,4,337,Chennai,Tamil Nadu
360,PMC - PH,"Pizza Hut Shop No F47, Phoenix Market City Mall, Plot No 142, Velachery Road, Velachery, Pin 600042",12.990927,80.217097,2020-07-11 18:44:37,2020-07-14 08:34:49,,pizza-hut,1,4,360,Chennai,Tamil Nadu
222,RS Puram - PH ,"Pizza Hut No: 357, Ground Floor, Silver Mount Builging, D.B.Road, R.S.Puram, Pin 641002",11.00319,76.95139,2019-10-11 07:17:00,2019-10-11 07:17:00,,pizza-hut,1,60,222,Coimbatore,Tamil Nadu
223,Prozone - PH  ,"Pizza Hut G 24 Prozone Mall, Sivanandhapuram, Saravanampatty, Pin 641035",11.055149,76.993726,2019-10-11 07:17:00,2019-10-11 07:17:00,,pizza-hut,1,60,223,Coimbatore,Tamil Nadu
281,Sai Baba - PH  ,"Pizza Hut Shop No.2, In The Building Raja Rana Complex, Ramalinga Nagar Road, Pin 641011",11.04686,76.98893,2019-10-11 07:17:00,2019-10-11 07:17:00,,pizza-hut,1,60,281,Coimbatore,Tamil Nadu
282,Brookfield - PH   ,"Pizza Hut Unit No.17 & 18, Third Floor, No.67-71, Krishnaswamy Road, Pin 641011",11.009464,76.959121,2019-10-11 07:17:00,2019-10-11 07:17:00,,pizza-hut,1,60,282,Coimbatore,Tamil Nadu
296,Fun Republic 2 - PH   ,"Pizza Hut Situated On The Plot Of Land Bearing SF No.474 Of Village Sowripalayam Peelamedu, Avinashi Road, Coimbatore, Pin 641011",11.02567,77.01463,2019-10-11 07:17:00,2019-10-11 07:17:00,,pizza-hut,1,60,296,Coimbatore,Tamil Nadu
366,Trichy - PH,"Pizza Hut, Shop No 3/1 - C, Annamalai Tower, New Karur Byepass Road, Annamalai Nagar, Trichy-620018",10.828406, 78.686493,2020-10-26 05:48:23,2020-10-26 05:48:23,,pizza-hut,1,81,366,Tiruchirapalli,Tamil Nadu
171,S P Road - PH,"Pizza Hut, KPR House, S P Road, Begumpet, Pin 500003",17.4247573,78.4532959,2019-10-11 07:17:00,2019-10-11 07:17:00,,pizza-hut,1,54,171,Secunderabad,Telangana
224,Alpha One - PH,"Pizza Hut 11, 12, 13, 14, First Floor, Alpha One Mall, Tp No. 1, FP No. 216, Vastapur Lake, Pin 380054",23.040199,72.530883,2019-10-11 07:17:00,2020-07-14 08:36:53,,pizza-hut,1,10,224,Ahmedabad,Gujarat
226,Prahlad Nagar - PH,"Pizza Hut A 8, Ground Floor, Tower A, Safal Pegasus, Prahlad Nagar, Pin 380051",23.012432,72.511154,2019-10-11 07:17:00,2020-07-14 08:37:08,,pizza-hut,1,10,226,Ahmedabad,Gujarat
227,Shapath - PH,"Pizza Hut Shapath III, Ground Floor, Satelite, Pin 380009",23.040005,72.51339,2019-10-11 07:17:00,2020-07-14 08:37:17,,pizza-hut,1,10,227,Ahmedabad,Gujarat
335,Tapovan Circle - PH,"Pizza Hut, Madhav Vihar Bunglows, B1, Tapovan Circle, Nigam Nagar, corner, Ahmedabad, Gujarat - 382424",23.119062,72.613263,2020-07-02 12:02:00,2020-07-02 12:02:00,,pizza-hut,1,10,335,Ahmedabad,Gujarat
297,Anand - PH,"Pizza Hut Anand-Sojitra Road, Anand, Pin 388001",22.542032,72.946885,2019-10-11 07:17:00,2020-07-14 08:40:09,,pizza-hut,1,43,297,Anand,Gujarat
300,Waghawadi Road - PH,Pizza Hut Pin 364001,21.764392,72.147223,2019-10-11 07:17:00,2020-07-11 14:52:51,,pizza-hut,1,51,300,Bhavnagar,Gujarat
359,Gandhi Nagar - PH,"Pizza Hut, Pramukh Arcade, Dholakuva Circle, Sargasan Cross Road, Gandhinagar, Gujarat - 382421",23.185442,72.636087,2020-07-02 13:08:00,2020-07-02 13:08:00,,pizza-hut,1,41,359,Gandhinagar,Gujarat
228,Solitaire - PH,"Pizza Hut Shop # 6, Solitaire Building, 150 Ft Ring Road, Nr. Big Bazaar, Pin 360005",22.282875,70.774711,2019-10-11 07:17:00,2020-07-14 08:37:26,,pizza-hut,1,44,228,Rajkot,Gujarat
303,Everest Park - PH,"Pizza Hut Near Mc.D, Rajkot, Pin 360005",22.272748,70.756334,2019-10-11 07:17:00,2020-10-26 07:20:35,,pizza-hut,0,44,303,Rajkot,Gujarat
230,IBC - PH,"Pizza Hut G7, International Business Center, Gaurav Path Road, Piplod, Pin 395007",21.157717,72.76922,2019-10-11 07:17:00,2020-07-14 08:37:43,,pizza-hut,1,26,230,Surat,Gujarat
231,Tribhuvan - PH,"Pizza Hut O/B/I Tribhuvan Complex, Opp Rajhans Complex, Near Stadium, Ghod Dod Road, Pin 395007",21.175023,72.801314,2019-10-11 07:17:00,2020-07-14 08:37:51,,pizza-hut,1,26,231,Surat,Gujarat
229,Eva Mall Vadodara - PH,"Pizza Hut SN TF 11, 3rd Flr, Eva Mall, Manjalpur, Pin 390011",22.273455,73.18874,2019-10-11 07:17:00,2020-07-14 08:37:34,,pizza-hut,1,30,229,Vadodara,Gujarat
232,Race Course - PH,"Pizza Hut Akashganga Complex, Nr. Vanijya Bhavan, Race Course Road, Pin 390007",22.311707,73.165258,2019-10-11 07:17:00,2020-07-14 08:37:58,,pizza-hut,1,30,232,Vadodara,Gujarat
358,Nilamber Circle - PH,"Pizza Hut, Ground floor, Nilamber Circle, Vasna Gotri Road, Vadodara, Gujarat - 390007",22.301578,73.13881,2020-07-02 13:07:00,2020-07-02 13:07:00,,pizza-hut,1,30,358,Vadodara,Gujarat
234,Vapi - PH,"Pizza Hut Ground Floor, Hotel Fortune Galaxy, N.H.No - 8, G.I.D.C., Vapi Pin 396195",20.374104,72.920212,2019-10-11 07:17:00,2020-07-14 08:38:06,,pizza-hut,1,45,234,Vapi,Gujarat
299,"Daman Road, Chala- PH","Pizza Hut Daman Road Chala Vapi, Pin 396191",20.393726,72.893803,2019-10-11 07:17:00,2020-10-26 07:19:27,,pizza-hut,0,45,299,Vapi,Gujarat
